<?xml version="1.0" encoding="UTF-8" standalone="no"?>
<root>
    <doclet-version-NOT-library-version>1.00</doclet-version-NOT-library-version>
    <class>
        <name>B4R::B4RServo</name>
        <shortname>Servo</shortname>
        <property>
            <name>Attached</name>
            <comment>Returns true if the servo is attached.</comment>
            <returntype>bool</returntype>
        </property>
        <method>
            <name DesignerName="Attach">Attach</name>
            <comment>Attaches the servo to the specified pin.
Returns 0 if there was a failure.
Note that on most boards, adding a servo the PWM feature of pins 9 and 10.</comment>
            <returntype>Byte</returntype>
            <parameter>
                <name>Pin</name>
                <type>Int</type>
            </parameter>
        </method>
        <method>
            <name DesignerName="Attach2">Attach2</name>
            <comment>Attaches the servo to the specified pin.
Returns 0 if there was a failure.
MinValue and MaxValue set the minimum and maximum pulse width that will be sent to the servo.</comment>
            <returntype>Byte</returntype>
            <parameter>
                <name>Pin</name>
                <type>Int</type>
            </parameter>
            <parameter>
                <name>MinValue</name>
                <type>Int</type>
            </parameter>
            <parameter>
                <name>MaxValue</name>
                <type>Int</type>
            </parameter>
        </method>
        <method>
            <name DesignerName="Detach">Detach</name>
            <comment>Detaches the pin.</comment>
            <returntype>B4R::void</returntype>
        </method>
        <method>
            <name DesignerName="Write">Write</name>
            <comment>If the value is smaller than 200 then it is treated as an angle.
Otherwise it is treated as pulse width in microseconds.</comment>
            <returntype>B4R::void</returntype>
            <parameter>
                <name>Value</name>
                <type>Int</type>
            </parameter>
        </method>
        <method>
            <name DesignerName="WriteMicroseconds">WriteMicroseconds</name>
            <comment>Writes pulse width in microseconds.</comment>
            <returntype>B4R::void</returntype>
            <parameter>
                <name>Value</name>
                <type>Int</type>
            </parameter>
        </method>
        <method>
            <name DesignerName="Read">Read</name>
            <comment>Returns current pulse width as an angle between 0 to 180 degrees.</comment>
            <returntype>Int</returntype>
        </method>
        <method>
            <name DesignerName="ReadMicroseconds">ReadMicroseconds</name>
            <comment>Returns current pulse width in microseconds.</comment>
            <returntype>Int</returntype>
        </method>
    </class>
    <version>0.9</version>
    <dependsOn>&lt;Servo.h&gt;</dependsOn>
</root>
